person_id,full_name,gender,date_of_birth,type_person
1,Jilleen Dan,Female,1991-12-25,PASSENGER
2,Fonz Ellershaw,Male,1992-01-24,PASSENGER
3,Gusti Girardengo,Female,1967-02-06,PASSENGER
4,Kincaid Stihl,Male,1970-02-09,PASSENGER
5,Noni Marsham,Female,2003-01-16,PASSENGER
6,Maryjane Absolon,Female,2000-01-19,PASSENGER
7,Brion Kynder,Male,1960-12-03,PASSENGER
8,Lorri Trembath,Female,1995-03-19,PASSENGER
9,Maxine Halle,Female,1953-03-22,PASSENGER
10,Faina Scowen,Female,1950-09-10,PASSENGER
11,Isidro Drains,Male,1944-07-06,PASSENGER
12,Flint Greenhouse,Male,1968-08-24,PASSENGER
13,Angelia Quinnell,Female,1988-02-12,PASSENGER
14,Nathan Hanway,Male,1999-09-28,PASSENGER
15,Kesley Rattry,Female,1967-09-15,PASSENGER
16,Sydelle Daspar,Female,1966-08-06,PASSENGER
17,Marian Innett,Female,1991-07-13,PASSENGER
18,Adams Ettritch,Male,2003-02-21,PASSENGER
19,Daveen Lorrain,Female,2003-12-30,PASSENGER
20,Berry Saxelby,Female,2010-02-14,PASSENGER
21,Morty Ransfield,Male,1960-10-02,PASSENGER
22,Haywood Lubbock,Male,2003-03-05,PASSENGER
23,Carlos Caruth,Male,1969-03-28,PASSENGER
24,Ginni Roth,Female,1970-12-21,PASSENGER
25,Kirk Methuen,Male,2006-03-22,PASSENGER
26,Ric Raymond,Male,1949-04-13,PASSENGER
27,Sanson Isbell,Male,1952-03-10,PASSENGER
33,Francoise Geal,Female,2009-05-03,PASSENGER
34,Dre Crumpe,Female,2011-09-09,PASSENGER
35,Garey Cowerd,Male,1940-12-19,PASSENGER
38,Caralie Raithmill,Female,1944-03-20,PASSENGER
40,Delmer Raisbeck,Male,2011-09-02,PASSENGER
43,Vin Rodinger,Male,1958-03-25,PASSENGER
48,Gerty McDunlevy,Female,1960-05-19,PASSENGER
49,Lyndy Rosendall,Female,2015-01-05,PASSENGER
50,Carly Joska,Female,1974-12-21,PASSENGER
51,Norby Stoaks,Male,1999-08-14,PASSENGER
52,Brittany Sherland,Female,1953-08-23,PASSENGER
53,Ewan Francesch,Male,1970-04-19,PASSENGER
54,Anton Thiem,Male,1985-08-12,PASSENGER
55,Erroll Sergean,Male,2018-10-23,PASSENGER
56,Larine Lenchenko,Female,1946-11-19,PASSENGER
57,Gloriana Aspy,Female,1943-06-30,PASSENGER
58,Cristie Bartalot,Female,1954-12-03,PASSENGER
59,Clayton Middler,Male,1940-05-23,PASSENGER
60,Nyssa MacGrath,Female,1942-09-14,PASSENGER
61,Kerr Trinke,Male,1994-04-13,PASSENGER
62,Rorie Brolan,Female,1954-03-07,PASSENGER
63,Nicolais Vouls,Male,1976-09-03,PASSENGER
64,Herschel Smidmor,Male,1942-08-29,PASSENGER
65,Jacinda Couvet,Female,1942-01-07,PASSENGER
67,Alphard Bloodworthe,Male,1949-06-22,PASSENGER
68,Davis Wooderson,Male,1946-08-18,PASSENGER
69,Blair Llewelyn,Female,1988-10-08,PASSENGER
72,Aggie Pavel,Female,1976-05-21,PASSENGER
73,Darren Baude,Male,1971-01-01,PASSENGER
75,Melosa Dobrowolny,Female,2016-10-27,PASSENGER
77,Jacobo Sinderland,Male,1992-10-23,PASSENGER
78,Karil Ashbe,Female,2015-06-05,PASSENGER
79,Gwyneth Brockhurst,Female,1954-10-20,PASSENGER
80,Lisha Osan,Female,1949-12-16,PASSENGER
81,Trueman Stanbro,Male,1966-01-23,PASSENGER
82,Maxie Mowne,Male,1982-06-18,PASSENGER
83,Dorey McGurk,Male,1965-07-21,PASSENGER
84,Wain Tebb,Male,2020-06-09,PASSENGER
85,Lindsy Whitwood,Female,1951-07-27,PASSENGER
86,Nickola Jays,Male,1955-09-01,PASSENGER
87,Kendra Widdicombe,Female,2019-09-03,PASSENGER
88,Costa Minty,Male,1959-05-30,PASSENGER
89,Eyde Grimwad,Female,2003-10-14,PASSENGER
90,Jamison Capner,Male,2007-10-23,PASSENGER
91,Ilyse Mapis,Female,1975-05-21,PASSENGER
92,Brade Hrishanok,Male,2012-02-05,PASSENGER
93,Berty Jellicorse,Female,1995-06-28,PASSENGER
94,Everett Croix,Male,1989-03-21,PASSENGER
95,Beth Midgely,Female,1958-07-04,PASSENGER
96,Morissa Tudge,Female,1989-05-03,PASSENGER
97,Flem Costock,Male,1996-12-18,PASSENGER
98,Anneliese Gilyatt,Female,1944-02-17,PASSENGER
99,Rafaello Simenel,Male,1952-10-23,PASSENGER
100,Ivory Inkpin,Female,1960-07-28,PASSENGER
101,Charlene Cainey,Female,1950-08-21,PASSENGER
102,Catharina Warner,Female,2000-12-23,PASSENGER
103,Gayle Edelheit,Male,1949-02-16,PASSENGER
104,Myrtia Waliszewski,Female,1941-06-21,PASSENGER
105,Adey Jerromes,Female,1976-12-27,PASSENGER
106,Cecilla Cheale,Female,2006-07-04,PASSENGER
107,Daphna Prebble,Female,1980-11-24,PASSENGER
108,Jemmie Lotherington,Female,1972-08-28,PASSENGER
109,Huberto Sherville,Male,2017-07-24,PASSENGER
110,Cross McCahey,Male,2003-10-22,PASSENGER
111,Tiffi Fulleylove,Female,1974-03-06,PASSENGER
112,Carie Padkin,Female,2020-01-24,PASSENGER
113,Livy Lammerding,Female,1976-11-11,PASSENGER
114,Natal Byrde,Male,1998-10-20,PASSENGER
115,Nance Roncelli,Female,1954-07-21,PASSENGER
116,Leticia Callister,Female,2006-07-11,PASSENGER
118,Kayla Spivie,Female,2002-05-17,PASSENGER
119,Ruy Bromont,Male,1981-06-10,PASSENGER
120,Vincenz Kolakovic,Male,1983-03-29,PASSENGER
122,Lizzie Fullbrook,Female,2017-02-17,PASSENGER
124,Bonni Pauel,Female,2000-06-29,PASSENGER
125,Amandy Wyley,Female,1976-12-03,PASSENGER
127,Fabio Rudinger,Male,1945-06-01,PASSENGER
129,Mercy Biasi,Female,2012-02-25,PASSENGER
133,Johanna Byrne,Female,1950-05-26,PASSENGER
134,Arline Martijn,Female,1959-05-10,PASSENGER
135,Jakob Heaysman,Male,1978-06-21,PASSENGER
138,Sebastiano Allright,Male,1940-11-10,PASSENGER
140,Nadine Curless,Female,1988-11-23,PASSENGER
141,Loria Roskeilly,Female,2006-11-07,PASSENGER
142,Marcile Yukhnin,Female,1993-10-15,PASSENGER
143,Shaun Van de Vlies,Male,1963-01-25,PASSENGER
144,Solomon Goggan,Male,1997-09-19,PASSENGER
145,Douglass Taylerson,Male,1999-04-07,PASSENGER
146,Muriel Agar,Female,1976-09-21,PASSENGER
147,Barnaby Parkyn,Male,1949-07-19,PASSENGER
148,Blondelle Gomery,Female,2012-02-17,PASSENGER
149,Lucien Whight,Male,1955-05-16,PASSENGER
150,Saunder McCombe,Male,1953-08-30,PASSENGER
151,Dayna Hague,Female,2011-02-25,PASSENGER
152,Lydon Sloyan,Male,2016-05-18,PASSENGER
153,Halimeda Marusyak,Female,1961-03-15,PASSENGER
154,Joshuah Trye,Male,2009-02-17,PASSENGER
155,Saunderson Heardman,Male,2020-02-11,PASSENGER
156,Danie Sneath,Male,1978-10-14,PASSENGER
157,Cord Goodbur,Male,1981-09-19,PASSENGER
159,Maryjane Harriott,Female,1985-06-25,PASSENGER
160,Nickey Starling,Male,2013-08-11,PASSENGER
161,Dennie Lomond,Female,1981-07-07,PASSENGER
162,Atlanta McColl,Female,1998-06-10,PASSENGER
164,Burg Curds,Male,1964-01-15,PASSENGER
165,Conway Guittet,Male,2007-07-12,PASSENGER
166,Paige Borles,Male,2002-11-12,PASSENGER
173,Jessamine Sanger,Female,2015-05-08,PASSENGER
174,Brenden Grieger,Male,1954-01-01,PASSENGER
175,Maury Prue,Male,1982-04-22,PASSENGER
179,Binky Reinbeck,Male,1960-05-27,PASSENGER
180,Ermengarde Kamien,Female,1960-04-03,PASSENGER
181,Will Acres,Male,1969-12-20,PASSENGER
183,Elana MacKnocker,Female,1952-06-26,PASSENGER
184,Simonne Blackmoor,Female,1961-10-06,PASSENGER
185,Ardella Blum,Female,1991-12-11,PASSENGER
186,Nat Janicek,Male,2002-07-17,PASSENGER
187,Tawnya Miche,Female,1997-08-30,PASSENGER
188,Markos Tubritt,Male,2002-03-06,PASSENGER
189,Marcille Carlile,Female,1965-06-15,PASSENGER
190,Randi Beneyto,Female,1951-03-30,PASSENGER
191,Bowie Dachs,Male,2007-04-01,PASSENGER
192,Georgianne Feander,Female,2006-03-13,PASSENGER
193,Sibyl Demetr,Female,1978-03-25,PASSENGER
194,Aggi Blindmann,Female,2014-04-18,PASSENGER
195,Vivien Boxhall,Female,1965-07-08,PASSENGER
196,Maddy Jonczyk,Female,1964-08-20,PASSENGER
197,Marshall Clapston,Male,1983-08-23,PASSENGER
198,Harlene Mitford,Female,2005-01-29,PASSENGER
199,Jermayne Heersema,Male,1941-11-25,PASSENGER
200,Madel Grabban,Female,1960-12-03,PASSENGER
201,Avram Haskins,Male,1944-07-02,PASSENGER
202,Patrica MacCard,Female,1967-10-08,PASSENGER
203,Allen Bernt,Male,1948-08-01,PASSENGER
204,Cordy Ubsdall,Male,1992-04-22,PASSENGER
205,Lira Hanna,Female,1958-01-21,PASSENGER
206,Renata Matuschek,Female,1979-07-02,PASSENGER
207,Codi Portlock,Male,2016-08-22,PASSENGER
208,Cliff Chastand,Male,1959-07-26,PASSENGER
209,Lynnell Elletson,Female,1973-07-30,PASSENGER
210,Eloise Pancast,Female,1954-05-25,PASSENGER
211,Glory Mottershaw,Female,1997-05-03,PASSENGER
212,Raffarty Daniello,Male,1940-07-30,PASSENGER
213,Maddy Golson,Male,1964-10-30,PASSENGER
216,Walden Clutterham,Male,1947-12-11,PASSENGER
217,Wilmar Darke,Male,1959-03-04,PASSENGER
218,Gibb Winters,Male,1991-06-16,PASSENGER
221,Ulric Laneham,Male,1961-10-16,PASSENGER
222,Anna Bes,Female,1977-11-12,PASSENGER
223,Julina Noury,Female,1941-09-11,PASSENGER
226,Marie-ann Aleksandrikin,Female,1986-03-15,PASSENGER
227,Sheree Kobpac,Female,1998-05-11,PASSENGER
228,Pancho D'Oyley,Male,2013-07-04,PASSENGER
229,Patrizius McCutheon,Male,1984-03-05,PASSENGER
230,Illa Flecknoe,Female,2004-12-31,PASSENGER
231,Lexie Feavyour,Female,1955-01-23,PASSENGER
232,Kienan Norsister,Male,1945-02-04,PASSENGER
233,Gracia Flooks,Female,1971-09-22,PASSENGER
234,Celisse Kelsow,Female,2019-09-02,PASSENGER
235,Dinnie Nichol,Female,2014-08-04,PASSENGER
236,Maggi Zavattero,Female,1983-03-28,PASSENGER
237,Emmi Saywell,Female,1991-05-26,PASSENGER
238,Saxon Renals,Male,2006-07-12,PASSENGER
239,Marjie Bare,Female,1984-02-23,PASSENGER
240,Brook Pritchitt,Female,2013-09-16,PASSENGER
241,Brion Maharey,Male,2003-03-11,PASSENGER
242,Hiram Paskerful,Male,1959-12-08,PASSENGER
243,Hi Cartwight,Male,1974-04-19,PASSENGER
244,Mallory Dark,Female,1995-01-18,PASSENGER
245,Wes Foxen,Male,1945-08-13,PASSENGER
246,Ana Yakovl,Female,1988-02-16,PASSENGER
247,Elston Perrett,Male,2007-05-05,PASSENGER
248,Kristien Lepick,Female,1983-08-29,PASSENGER
249,Anabal Doram,Female,1982-07-05,PASSENGER
250,Daniela Igo,Female,2010-01-13,PASSENGER
251,Juditha Buten,Female,1947-07-23,PASSENGER
252,Teodora Brogden,Female,1946-04-07,PASSENGER
253,Desmund Enser,Male,1973-04-12,PASSENGER
254,Lena Tedorenko,Female,2020-09-21,PASSENGER
255,Charles Creaser,Male,1951-05-12,PASSENGER
256,Guillemette Denney,Female,1991-12-26,PASSENGER
257,Cassius Osant,Male,1994-10-17,PASSENGER
259,Audrey Knight,Female,1974-02-19,PASSENGER
260,Chan Erickssen,Male,1982-07-22,PASSENGER
265,Alvira Downe,Female,2018-09-08,PASSENGER
266,Jerrie Comini,Female,2000-12-28,PASSENGER
267,Sadie Toward,Female,1951-05-01,PASSENGER
268,Nonah Burnhill,Female,2002-07-03,PASSENGER
269,Haskell Erat,Male,2014-08-11,PASSENGER
270,Barbee Craddy,Female,2001-11-11,PASSENGER
271,Kahlil Polland,Male,2008-11-12,PASSENGER
272,Annalise Wrigglesworth,Female,1985-07-07,PASSENGER
273,Ignacio Szymczyk,Male,2000-10-01,PASSENGER
274,Zorana Yesson,Female,1960-06-30,PASSENGER
275,Cindie Brogden,Female,2007-01-08,PASSENGER
276,Fionnula Serfati,Female,1957-10-23,PASSENGER
277,Vivienne Lillee,Female,1959-07-09,PASSENGER
278,Isiahi Badsworth,Male,2002-12-07,PASSENGER
279,Matthieu Hardstaff,Male,1968-02-22,PASSENGER
280,Kelcy Scirman,Female,1960-08-05,PASSENGER
281,Neale Yosifov,Male,1945-06-03,PASSENGER
282,Zebulon Ledley,Male,1972-06-19,PASSENGER
283,Cindelyn Heinlein,Female,1992-08-17,PASSENGER
284,Liva Carmen,Female,1993-04-16,PASSENGER
285,Beatriz Shord,Female,1980-07-02,PASSENGER
286,Somerset Laxe,Male,2006-04-19,PASSENGER
287,Roth Bilston,Male,2021-03-08,PASSENGER
288,Lonni Oland,Female,1968-09-11,PASSENGER
289,Martie Maple,Male,2019-06-07,PASSENGER
290,Sigismund Abrahamoff,Male,1955-03-24,PASSENGER
291,Jeannette Copeland,Female,1983-03-27,PASSENGER
292,Benjamin Domerq,Male,1971-12-18,PASSENGER
293,Jaime Lawless,Female,1978-07-28,PASSENGER
294,Thaddus Bradlaugh,Male,1961-11-05,PASSENGER
295,Doretta Comazzo,Female,2011-10-20,PASSENGER
296,Aubrie MacPhaden,Female,1996-08-23,PASSENGER
297,Peria Inglefield,Female,1949-02-23,PASSENGER
298,Tamar Poundford,Female,1964-12-06,PASSENGER
299,Brandy Lack,Male,1949-10-27,PASSENGER
300,Iormina Eden,Female,1945-04-19,PASSENGER
301,Carolann Furneaux,Female,2008-11-13,PASSENGER
305,Allsun Wadley,Female,1991-05-06,PASSENGER
309,Orion Sheran,Male,1970-08-17,PASSENGER
310,Jerrilyn Hassan,Female,1955-12-22,PASSENGER
311,Guntar Szubert,Male,1984-08-22,PASSENGER
314,Rozanna Doran,Female,2015-07-21,PASSENGER
318,Cathyleen Hosby,Female,1945-07-03,PASSENGER
319,Hobard Tutchell,Male,2006-06-10,PASSENGER
320,Denyse Grunson,Female,1950-09-07,PASSENGER
321,Ana Jezzard,Female,1962-02-28,PASSENGER
322,Florencia Murdy,Female,1971-06-16,PASSENGER
323,Maridel Isakson,Female,1956-10-12,PASSENGER
324,Letitia Brookfield,Female,1982-04-12,PASSENGER
325,Lonee Tomsett,Female,1984-08-08,PASSENGER
326,Werner Raynes,Male,2012-08-01,PASSENGER
327,Malinde MacKee,Female,1994-06-20,PASSENGER
328,Garner Leidl,Male,2011-06-12,PASSENGER
329,Meredith Percifull,Male,1983-04-29,PASSENGER
330,Chrystal Revill,Female,2011-02-17,PASSENGER
331,Lind Potteridge,Male,1961-05-02,PASSENGER
332,Jeffie Trewinnard,Male,1991-11-15,PASSENGER
333,Caresa Dicken,Female,1992-07-13,PASSENGER
334,Ernestine Burgise,Female,1984-07-10,PASSENGER
335,Reuven Redferne,Male,1986-03-31,PASSENGER
336,Allina Gellan,Female,1983-06-24,PASSENGER
337,Anastassia Kroch,Female,1995-02-20,PASSENGER
338,Felice Hayford,Male,1977-03-29,PASSENGER
339,Roslyn Soames,Female,1981-06-29,PASSENGER
340,Benjamin Syvret,Male,2004-10-30,PASSENGER
341,Trent Kennifeck,Male,1997-04-03,PASSENGER
342,Eberto Andreutti,Male,1954-01-18,PASSENGER
343,Edwina Lantoph,Female,1965-08-14,PASSENGER
344,Gordon Joscelyne,Male,2007-01-21,PASSENGER
345,Leo Trevenu,Male,2003-10-11,PASSENGER
346,Caspar Eagell,Male,2015-04-18,PASSENGER
347,Kara-lynn McCrostie,Female,1985-09-19,PASSENGER
348,Duky MacWhan,Male,1988-02-22,PASSENGER
349,Sena Velareal,Female,2002-12-24,PASSENGER
350,Raff Hedman,Male,2008-05-10,PASSENGER
351,Nerti Malatalant,Female,1997-09-13,PASSENGER
352,Jocko Biasi,Male,2004-04-11,PASSENGER
353,Salomone Hedlestone,Male,1970-10-27,PASSENGER
354,Trudy Audry,Female,2005-01-12,PASSENGER
355,Shaine McLeish,Female,2006-04-01,PASSENGER
356,Gerry Ghelardoni,Female,1960-12-13,PASSENGER
357,Crawford Brimelow,Male,2008-12-31,PASSENGER
358,Jolene Jedrzejkiewicz,Female,2001-11-11,PASSENGER
359,Raynard Cavanagh,Male,1981-05-25,PASSENGER
360,Karlie Biagi,Female,1975-05-06,PASSENGER
362,Nealson Twinning,Male,1987-01-05,PASSENGER
363,Tobe Musla,Female,2004-02-22,PASSENGER
365,Thaddeus Kemwall,Male,1955-07-02,PASSENGER
366,Gracie O'Calleran,Female,1968-08-03,PASSENGER
368,Selene Sobieski,Female,1980-02-05,PASSENGER
369,Minnnie Targetter,Female,2008-06-24,PASSENGER
371,Evangelina Payton,Female,1975-01-17,PASSENGER
372,Toddie Zuann,Male,2013-11-02,PASSENGER
373,Marietta Borrel,Male,2010-09-11,PASSENGER
374,Netta Vidineev,Female,1947-10-15,PASSENGER
377,Rita Danforth,Female,1972-03-08,PASSENGER
378,Fredra Cicchinelli,Female,1949-09-04,PASSENGER
379,Babb Skones,Female,1968-06-07,PASSENGER
380,Bethany Rao,Female,1963-11-28,PASSENGER
383,Teddy Litel,Female,2009-06-14,PASSENGER
386,Shell Crann,Male,1986-08-06,PASSENGER
388,Aloysia Ochterlony,Female,1990-01-06,PASSENGER
389,Alejandro Boleyn,Male,1946-12-01,PASSENGER
392,Bobbi Pavluk,Female,1996-01-22,PASSENGER
394,Balduin Golborne,Male,1982-10-29,PASSENGER
396,Maribel O'Dempsey,Female,2005-02-08,PASSENGER
397,Robyn Mitkin,Female,2010-05-05,PASSENGER
398,Josefina Korneichik,Female,2020-06-07,PASSENGER
402,Rodge Rait,Male,2004-05-12,PASSENGER
403,Brigid Cottrell,Female,1994-02-15,PASSENGER
404,Joli Antram,Female,2019-05-10,PASSENGER
405,Jori Whitney,Female,1971-12-05,PASSENGER
406,Shannon Fairs,Female,2018-11-17,PASSENGER
407,Bobbi Bockett,Female,2013-05-09,PASSENGER
408,Leopold Ivakhno,Male,1980-10-30,PASSENGER
409,Nevile Oxtarby,Male,1982-06-24,PASSENGER
410,Denni Folling,Female,1996-08-18,PASSENGER
411,Jonathan Colman,Male,1958-05-23,PASSENGER
412,Shelagh Manley,Female,1962-10-17,PASSENGER
413,Ryun Bowe,Male,1990-11-15,PASSENGER
414,Gris Wear,Male,1963-11-10,PASSENGER
415,Stanley Sinton,Male,1963-09-14,PASSENGER
416,Abrahan Dilger,Male,1999-08-01,PASSENGER
417,Lek Quilliam,Male,2006-03-14,PASSENGER
418,Jarib Symmers,Male,1945-02-13,PASSENGER
419,Rosemarie Bleazard,Female,1961-12-10,PASSENGER
420,Penrod Skate,Male,2002-06-27,PASSENGER
421,Quinta English,Female,1994-06-04,PASSENGER
422,Lonny Benfield,Male,1985-01-29,PASSENGER
423,Franky Kilcullen,Male,1962-11-10,PASSENGER
424,Ethelind Adriaan,Female,2014-03-14,PASSENGER
425,Corly Bett,Female,1960-08-26,PASSENGER
426,Biron Blomfield,Male,1991-01-10,PASSENGER
427,Vanya Mussolini,Male,1992-09-07,PASSENGER
428,Thomasine Halgarth,Female,1949-01-15,PASSENGER
429,Edwina Castrillo,Female,2018-05-16,PASSENGER
430,Maryrose Matyushenko,Female,2001-05-20,PASSENGER
431,Chip Jansson,Male,1996-04-21,PASSENGER
432,Augustus Smale,Male,2009-03-16,PASSENGER
433,Charla Clackson,Female,1950-07-23,PASSENGER
434,Daisy Ikin,Female,1982-11-16,PASSENGER
435,Hiram Senior,Male,1986-04-28,PASSENGER
436,Gray Malloch,Male,1993-04-04,PASSENGER
437,Allyce Stalley,Female,1991-09-25,PASSENGER
438,Gideon Trighton,Male,2004-11-17,PASSENGER
439,Alexander Purbrick,Male,1951-07-17,PASSENGER
440,Travus Kroger,Male,1945-11-22,PASSENGER
441,Bambi Van de Velde,Female,1959-04-30,PASSENGER
442,Livia McReynold,Female,2019-03-30,PASSENGER
443,Muhammad Kittles,Male,1973-09-22,PASSENGER
444,Bellanca McKyrrelly,Female,1964-04-17,PASSENGER
445,Aurelea Sorton,Female,1977-11-15,PASSENGER
446,Pooh Kelk,Male,1941-09-23,PASSENGER
447,Libbey Stotherfield,Female,1989-05-31,PASSENGER
448,Marcel Blasiak,Male,1941-03-21,PASSENGER
449,Daren Huc,Male,1987-11-28,PASSENGER
450,Romain Jillions,Male,1994-04-11,PASSENGER
451,Consuelo MacGaughey,Female,1967-04-05,PASSENGER
452,Pegeen Gemmill,Female,2018-02-21,PASSENGER
453,Bary Mc Faul,Male,1987-02-10,PASSENGER
454,Donalt Morrissey,Male,1997-04-19,PASSENGER
455,Hardy Guillford,Male,1949-09-10,PASSENGER
458,Buffy Crumpe,Female,1964-05-21,PASSENGER
460,Justis Jagg,Male,1987-07-08,PASSENGER
461,Shamus Osan,Male,2016-12-30,PASSENGER
462,Carolyn Golder,Female,2008-07-13,PASSENGER
466,Joleen Francom,Female,1959-09-21,PASSENGER
470,Zacherie Lovejoy,Male,2006-09-10,PASSENGER
471,Reggie Caen,Male,1994-12-20,PASSENGER
473,Kellia Liger,Female,2011-01-27,PASSENGER
475,Nina Willcocks,Female,1974-04-04,PASSENGER
476,Roxine Fassmann,Female,1967-10-22,PASSENGER
478,Wynnie Gosling,Female,2006-06-25,PASSENGER
479,Nester Churm,Male,1966-08-11,PASSENGER
480,Petra Crumpe,Female,2015-12-06,PASSENGER
481,Luke Oglevie,Male,2002-02-12,PASSENGER
482,Tomlin Macauley,Male,1988-09-22,PASSENGER
483,Dalenna Shewring,Female,1976-10-16,PASSENGER
484,Shae Bruton,Male,1958-03-10,PASSENGER
485,Tricia Craiker,Female,1969-10-31,PASSENGER
486,Mac Lippi,Male,1954-10-18,PASSENGER
487,Fernando Camell,Male,1996-01-11,PASSENGER
488,Cozmo Farleigh,Male,1986-08-02,PASSENGER
489,Phineas Spurgeon,Male,1945-11-01,PASSENGER
490,Fanechka Hollow,Female,1956-04-21,PASSENGER
491,Gardie Vela,Male,1972-07-20,PASSENGER
492,Elaina Swaby,Female,1946-05-05,PASSENGER
493,Chiquita Pallatina,Female,1976-07-05,PASSENGER
494,Cherilyn Feltoe,Female,1976-04-25,PASSENGER
495,Olly Tabourier,Male,1942-08-06,PASSENGER
496,Saundra Stiffkins,Female,1997-04-01,PASSENGER
497,Percy Pingston,Male,1990-04-03,PASSENGER
498,Shepperd Sandels,Male,2011-10-11,PASSENGER
499,Issiah Rollitt,Male,1971-12-12,PASSENGER
500,Cindee Merrgen,Female,1990-02-02,PASSENGER
501,Bridgette Lissemore,Female,1968-03-11,PASSENGER
502,Rachael Betton,Female,1966-01-13,PASSENGER
503,Alf Doelle,Male,1985-04-23,PASSENGER
504,Sancho Alvarado,Male,1943-05-13,PASSENGER
505,Erl Billanie,Male,1942-07-20,PASSENGER
506,Pietro De Stoop,Male,1964-04-16,PASSENGER
507,Colby Frugier,Male,2007-08-17,PASSENGER
508,Geralda Iorizzo,Female,1994-02-12,PASSENGER
509,Roanna MacGillavery,Female,1954-08-04,PASSENGER
510,Hollis Perryman,Male,1958-03-01,PASSENGER
511,Christiane Peeke-Vout,Female,2004-08-30,PASSENGER
512,Dyanna Torbeck,Female,2006-03-18,PASSENGER
513,Drusie Abry,Female,1950-04-29,PASSENGER
514,Dunstan Reina,Male,2003-10-04,PASSENGER
515,Beaufort Volleth,Male,1964-10-07,PASSENGER
516,Veriee Allwood,Female,2012-04-05,PASSENGER
517,Nanice Arnholtz,Female,1978-06-20,PASSENGER
518,Ettore Glazyer,Male,1999-06-13,PASSENGER
519,Kassey Keyson,Female,1967-12-24,PASSENGER
520,Ibrahim Pennell,Male,1995-12-10,PASSENGER
521,Engracia Strang,Female,1986-06-16,PASSENGER
525,Amie Crookston,Female,1991-08-04,PASSENGER
526,Isahella Charlotte,Female,1991-12-18,PASSENGER
527,Leia Spracklin,Female,2021-03-04,PASSENGER
528,Seward Bellee,Male,2005-07-17,PASSENGER
530,Gerrard Kaplan,Male,1986-04-08,PASSENGER
533,Stesha Ride,Female,1952-08-26,PASSENGER
534,Aggi Dinnies,Female,1972-07-05,PASSENGER
535,Barth Marcoolyn,Male,2007-03-23,PASSENGER
539,Gail Zealander,Female,2014-06-21,PASSENGER
540,Karylin Dowry,Female,1988-03-26,PASSENGER
541,Murdock Demougeot,Male,1975-02-03,PASSENGER
542,Cecilius Lamyman,Male,1996-05-18,PASSENGER
544,Maudie McFarlan,Female,1955-10-10,PASSENGER
545,Janette Sultana,Female,1968-06-17,PASSENGER
546,Guy Bernardo,Male,2000-07-20,PASSENGER
548,Yancey Kelsey,Male,2007-04-02,PASSENGER
549,Geri Fishby,Male,1969-03-09,PASSENGER
551,Filbert Spaldin,Male,1968-03-24,PASSENGER
557,Andrei Grennan,Female,1977-09-10,PASSENGER
558,Colman Delgadillo,Male,1965-07-26,PASSENGER
561,Brigit Eton,Female,2006-04-29,PASSENGER
563,Yvor Jizhaki,Male,1989-02-26,PASSENGER
564,Salomo Dalloway,Male,1945-03-21,PASSENGER
568,Caresa McCanny,Female,1985-04-28,PASSENGER
572,Adda Rounce,Female,2019-09-08,PASSENGER
573,Ingaberg Cater,Female,2002-04-05,PASSENGER
577,Rice Chaldecott,Male,1974-03-05,PASSENGER
578,Brianna Harkin,Female,1999-02-04,PASSENGER
579,Barry Dyche,Female,2003-11-04,PASSENGER
580,Nat Skyrm,Male,2001-08-17,PASSENGER
581,Joletta Hernik,Female,1944-11-15,PASSENGER
582,Carroll McCaffery,Male,1978-07-28,PASSENGER
583,Kora Cardenas,Female,1995-09-05,PASSENGER
584,Emelina Courtonne,Female,2008-11-27,PASSENGER
585,Talya Cordero,Female,2013-04-30,PASSENGER
586,Raye Draycott,Female,2006-07-08,PASSENGER
587,Andromache Drews,Female,2001-08-01,PASSENGER
588,Ly Danniell,Male,1960-10-25,PASSENGER
589,Steffane Dalli,Female,1949-09-29,PASSENGER
590,Alwyn Brecknock,Male,1958-11-26,PASSENGER
591,Chic Gerardin,Male,2013-04-12,PASSENGER
592,Linnet Maciak,Female,2015-11-29,PASSENGER
593,Gareth Birrane,Male,1963-08-01,PASSENGER
594,Osborne Chue,Male,1947-05-11,PASSENGER
595,Lutero Carass,Male,2001-01-03,PASSENGER
596,Uri Ingre,Male,1954-10-27,PASSENGER
597,Anne-corinne Budleigh,Female,1990-08-06,PASSENGER
598,Iggy Maureen,Male,1943-05-10,PASSENGER
599,Maximilian Pinnocke,Male,2012-12-09,PASSENGER
600,Mortimer Tuma,Male,2013-04-13,PASSENGER
601,Esme Remmers,Male,1951-07-25,PASSENGER
602,Annecorinne Wickmann,Female,1984-10-20,PASSENGER
603,Cyrill Hesbrook,Male,2001-01-31,PASSENGER
604,Justus Crathorne,Male,1983-05-02,PASSENGER
605,Rorke Dundon,Male,1988-08-18,PASSENGER
606,Tina Mewis,Female,2010-12-21,PASSENGER
607,Reade Coombes,Male,1944-02-18,PASSENGER
608,Winston Rosle,Male,2018-12-05,PASSENGER
609,Raimund Clementi,Male,1952-07-20,PASSENGER
610,Celka Gradwell,Female,1987-05-23,PASSENGER
611,Aharon Blum,Male,1995-06-11,PASSENGER
612,Gard Blackman,Male,2015-02-18,PASSENGER
613,Drusie Chataignier,Female,1940-05-01,PASSENGER
614,Darsey Peddie,Female,1946-08-25,PASSENGER
615,Martainn Troyes,Male,2013-02-26,PASSENGER
616,Kipper Catterell,Male,2007-06-18,PASSENGER
617,Ly Guillet,Male,1976-02-08,PASSENGER
618,Reyna Elder,Female,1942-04-04,PASSENGER
619,Inesita Barlee,Female,1981-10-04,PASSENGER
620,Honey Leydon,Female,1986-05-30,PASSENGER
621,Crin Castelyn,Female,1988-01-19,PASSENGER
622,Dene Loxdale,Male,1975-09-26,PASSENGER
623,Karlie Mangeot,Female,2012-03-18,PASSENGER
624,Jenilee Lazarus,Female,2006-03-29,PASSENGER
625,Virginia Insull,Female,1946-11-24,PASSENGER
626,Balduin Jost,Male,1969-08-12,PASSENGER
627,Emmanuel Paradyce,Male,1963-09-13,PASSENGER
628,Barth Gatty,Male,1977-11-10,PASSENGER
629,Yalonda Robiot,Female,1949-12-27,PASSENGER
630,Eimile Deveral,Female,1987-01-29,PASSENGER
631,Charlena Pickance,Female,1953-04-09,PASSENGER
633,Arlee Jedrasik,Female,1967-11-19,PASSENGER
634,Byram Boshell,Male,1945-06-10,PASSENGER
636,Rudolfo Ege,Male,1942-12-11,PASSENGER
637,Benedick Charlin,Male,1967-11-26,PASSENGER
640,Hunfredo Lainge,Male,1965-12-08,PASSENGER
641,Demetre Mattioli,Male,1987-07-06,PASSENGER
642,Billie Rupke,Female,1951-11-13,PASSENGER
643,Rufus Elsdon,Male,1971-05-15,PASSENGER
646,Faunie Hammerman,Female,2017-04-28,PASSENGER
648,Erinn St. Paul,Female,2019-04-21,PASSENGER
649,Sammy Gurr,Female,1974-10-30,PASSENGER
651,Siobhan Dewar,Female,2009-10-29,PASSENGER
652,Karoline Moulden,Female,1940-04-30,PASSENGER
653,Joell Patington,Female,2013-10-09,PASSENGER
657,Emilio Kornyakov,Male,2003-08-16,PASSENGER
661,Giacopo Gierek,Male,1960-09-25,PASSENGER
662,Alberta Anniwell,Female,1963-07-25,PASSENGER
663,Harlen Townsley,Male,1969-01-13,PASSENGER
664,Douglas Lackinton,Male,1979-07-14,PASSENGER
665,Lynna Eakens,Female,1955-09-26,PASSENGER
666,Syd Bollans,Male,2008-09-30,PASSENGER
667,Bing Coleyshaw,Male,1982-08-04,PASSENGER
668,Lynda Haslehurst,Female,2018-09-12,PASSENGER
669,Aguie Fishly,Male,1989-02-17,PASSENGER
670,Oates Mathe,Male,1983-04-26,PASSENGER
671,Eduard Pace,Male,1988-09-17,PASSENGER
672,Vaclav Geroldo,Male,1976-03-10,PASSENGER
673,Tedmund Beer,Male,1994-03-11,PASSENGER
674,Kim Sneezum,Male,1983-09-05,PASSENGER
675,Julietta Manklow,Female,1971-04-17,PASSENGER
676,Casper Grigorey,Male,2017-11-07,PASSENGER
677,Lonny Ventum,Male,1975-05-01,PASSENGER
678,Caspar Tideswell,Male,1961-09-06,PASSENGER
679,Brandy Tessington,Male,1965-10-11,PASSENGER
680,Malvina Zannelli,Female,1973-02-25,PASSENGER
681,Michal Andreasson,Female,1970-03-09,PASSENGER
682,Clim Brittin,Male,1965-04-14,PASSENGER
683,Arie Chasmoor,Male,2020-04-11,PASSENGER
684,Rafi Henmarsh,Male,2001-02-22,PASSENGER
685,Calla Wormstone,Female,1966-11-21,PASSENGER
686,Ros Wudeland,Female,2015-04-03,PASSENGER
687,Anthony Dunbleton,Male,1984-01-30,PASSENGER
688,Whitby Bresnen,Male,1993-09-15,PASSENGER
689,Meagan Duncan,Female,1989-08-22,PASSENGER
690,Charo Bussons,Female,2008-11-11,PASSENGER
691,Leo McClune,Male,2012-05-22,PASSENGER
692,Broderick Gameson,Male,1977-11-11,PASSENGER
693,Gerrie Kisbee,Male,1969-06-19,PASSENGER
694,Aime Duprey,Female,1965-03-16,PASSENGER
695,Cornie Burchall,Male,2016-03-12,PASSENGER
696,Marley Pioli,Female,1960-05-19,PASSENGER
697,Chariot Suffe,Male,2009-04-16,PASSENGER
698,Marion Fylan,Female,1945-12-15,PASSENGER
699,Tremayne Giannotti,Male,1992-01-16,PASSENGER
700,Garrick Jacobbe,Male,1997-03-25,PASSENGER
701,Hermione Jelphs,Female,1978-07-30,PASSENGER
702,Melodee Melmar,Female,2003-06-03,PASSENGER
703,Randie Giabuzzi,Male,2002-12-18,PASSENGER
704,Mary Kopisch,Female,2020-09-21,PASSENGER
705,Henka Cecil,Female,1994-04-12,PASSENGER
706,Sarina Pawlaczyk,Female,2014-08-22,PASSENGER
707,Ami Joiner,Female,2015-03-26,PASSENGER
708,Bernadine Riccardini,Female,1993-01-20,PASSENGER
709,Elnore Hopewell,Female,1963-09-28,PASSENGER
711,Gorden Ridley,Male,1949-05-14,PASSENGER
714,Ardys Silbermann,Female,1987-09-23,PASSENGER
715,Rollin Fullagar,Male,2002-12-14,PASSENGER
716,Radcliffe Dobbings,Male,2000-06-12,PASSENGER
720,Camilla Rayburn,Female,2020-07-30,PASSENGER
721,Gus Scannell,Female,1972-05-01,PASSENGER
722,Dill Imore,Male,1999-05-18,PASSENGER
723,Arlan Shill,Male,1951-08-05,PASSENGER
724,Reid Giacopazzi,Male,1990-01-24,PASSENGER
725,Christine Kinforth,Female,1974-06-06,PASSENGER
726,Filberto Woodcock,Male,2015-10-22,PASSENGER
727,Haydon Sandlin,Male,1952-02-21,PASSENGER
728,Octavius Knibbs,Male,1950-10-28,PASSENGER
729,Ashlan Sans,Female,2010-02-05,PASSENGER
730,Mel Yanyshev,Male,1940-02-03,PASSENGER
731,Malvina Lillecrop,Female,1996-09-04,PASSENGER
732,Virgie Wheldon,Female,2019-06-11,PASSENGER
733,Rodina Midner,Female,1982-07-25,PASSENGER
734,Lynett Dowbakin,Female,1956-03-22,PASSENGER
735,Marissa Sommerton,Female,2012-12-09,PASSENGER
736,Stanford Peidro,Male,1966-02-09,PASSENGER
737,Wiatt Elphick,Male,1995-05-29,PASSENGER
738,Gualterio Houseman,Male,1964-11-06,PASSENGER
739,Meghann Etty,Female,2012-07-20,PASSENGER
740,Cherise Sall,Female,1987-03-09,PASSENGER
741,Olvan Barrett,Male,1999-12-06,PASSENGER
742,Pearla Reichert,Female,1940-09-13,PASSENGER
743,Kendall Lamberteschi,Male,2008-06-02,PASSENGER
744,Jefferson Myrick,Male,1951-02-17,PASSENGER
745,Adrea Umney,Female,2017-10-22,PASSENGER
746,Sharl Losebie,Female,1980-03-09,PASSENGER
747,Brook Oxteby,Male,2008-09-21,PASSENGER
748,Ambur Rishbrook,Female,1964-06-24,PASSENGER
749,Elna Mourton,Female,2014-08-17,PASSENGER
750,Shellysheldon Buckthought,Male,1966-06-08,PASSENGER
751,Ozzie Oxtaby,Male,1951-05-13,PASSENGER
752,Renaud Cavet,Male,1943-05-26,PASSENGER
754,Prince Dempsey,Male,1945-09-23,PASSENGER
757,Dyana Jensen,Female,1992-06-15,PASSENGER
759,Desiri Hickisson,Female,1999-10-28,PASSENGER
761,Evvy Wardingly,Female,2016-01-08,PASSENGER
762,Pryce Elis,Male,2013-03-02,PASSENGER
764,Hastie Fortnam,Male,1968-07-25,PASSENGER
766,Evangelia Pleaden,Female,1966-07-22,PASSENGER
767,Bary Seager,Male,1953-11-30,PASSENGER
769,Brooke Gaenor,Female,1945-12-04,PASSENGER
772,Murray Reith,Male,2003-10-03,PASSENGER
773,Hershel MacParland,Male,1963-04-16,PASSENGER
775,Judas Strettle,Male,1941-11-07,PASSENGER
777,Gracia Davion,Female,1940-09-30,PASSENGER
778,Pearle Bodsworth,Female,1976-03-18,PASSENGER
780,Rocky Screase,Male,2012-09-20,PASSENGER
781,Faustina Beevor,Female,2013-09-20,PASSENGER
785,Abram Cheng,Male,2009-05-01,PASSENGER
786,Vin O'Hagan,Female,1979-10-22,PASSENGER
789,Filberto Bamford,Male,1965-02-09,PASSENGER
798,Gilles Logue,Male,1992-10-08,PASSENGER
799,Jehanna Bilyard,Female,1998-05-07,PASSENGER
800,Christan Eyer,Female,1985-05-18,PASSENGER
802,Florida Aleksankov,Female,1998-03-15,PASSENGER
803,Brew Prestidge,Male,1990-05-19,PASSENGER
804,Ethel Arson,Female,2002-03-10,PASSENGER
805,Darleen Shildrick,Female,1961-08-25,PASSENGER
806,Clarine McNickle,Female,1990-02-25,PASSENGER
807,Mitchell Bodemeaid,Male,2011-08-31,PASSENGER
808,Richart Nelthorp,Male,1998-12-05,PASSENGER
809,Leola Bolitho,Female,1979-10-13,PASSENGER
810,Ossie Ferroli,Male,1946-12-02,PASSENGER
811,Ward Houlson,Male,1988-04-08,PASSENGER
812,Alyss Povey,Female,1975-12-07,PASSENGER
813,Ryon Audiss,Male,1990-06-08,PASSENGER
814,Myrle Waszkiewicz,Female,1990-04-29,PASSENGER
815,Andre Aaronsohn,Male,2006-04-03,PASSENGER
816,Gerrie Gillmore,Male,1996-12-02,PASSENGER
817,Anna-diana Advani,Female,1953-07-24,PASSENGER
818,Blanch Hulks,Female,2009-06-22,PASSENGER
819,Honoria Canwell,Female,2020-01-04,PASSENGER
820,Evonne Braybrooks,Female,1959-05-09,PASSENGER
821,Peri Dent,Female,1952-12-22,PASSENGER
822,Brian Terron,Male,2000-04-15,PASSENGER
823,Eleanore Scandrick,Female,1983-03-20,PASSENGER
824,Harriot Ruslin,Female,1968-10-16,PASSENGER
825,Shaina Goodban,Female,1961-01-30,PASSENGER
826,Stephan Garriock,Male,2013-06-11,PASSENGER
827,Jeremie Besse,Male,1969-06-26,PASSENGER
828,Sanders Stadden,Male,1980-09-13,PASSENGER
829,Tore Page,Male,1940-07-11,PASSENGER
830,Ado Lindblad,Male,1990-01-05,PASSENGER
831,Hamil Speller,Male,1946-02-17,PASSENGER
832,Alair Egleton,Male,1984-01-08,PASSENGER
833,Claudia Neligan,Female,1953-09-12,PASSENGER
834,Helen-elizabeth Levecque,Female,2018-02-27,PASSENGER
835,Fulton Blackaller,Male,1944-07-24,PASSENGER
836,Angelico Nazaret,Male,1976-12-17,PASSENGER
837,Andy Wagg,Male,2009-05-04,PASSENGER
838,Virginia Poulston,Female,2009-02-06,PASSENGER
839,Georas Macartney,Male,2011-10-25,PASSENGER
840,Goober Strethill,Male,2010-03-05,PASSENGER
841,Feliza Douty,Female,2009-01-23,PASSENGER
842,Janaye Dongall,Female,1992-04-04,PASSENGER
843,Jacky Greg,Female,1991-02-11,PASSENGER
844,Ransom Brambley,Male,1960-04-26,PASSENGER
845,Kenyon Backshaw,Male,1944-03-27,PASSENGER
846,Elysha Fevers,Female,2002-01-12,PASSENGER
847,Vassily Mixworthy,Male,2017-10-10,PASSENGER
848,Thia Von Der Empten,Female,1999-06-13,PASSENGER
849,Meredith Batiste,Female,2004-12-26,PASSENGER
850,Briny Shawel,Female,1989-12-10,PASSENGER
851,Michal Glentworth,Female,1979-09-04,PASSENGER
852,Hersch Harden,Male,1960-03-21,PASSENGER
853,Vernice Parkeson,Female,1951-12-14,PASSENGER
854,Andreas Horsburgh,Male,1947-07-11,PASSENGER
855,Shelby Huffy,Male,1940-03-10,PASSENGER
856,Alena Rozea,Female,1978-01-18,PASSENGER
857,Stacee Blaschke,Male,2014-06-26,PASSENGER
858,Ruthy Ericssen,Female,1951-12-28,PASSENGER
859,Garwood Haley,Male,1996-07-29,PASSENGER
863,Nataniel Meron,Male,2018-11-08,PASSENGER
864,Dylan Colrein,Male,2006-03-31,PASSENGER
867,Phillipp Wilsone,Male,2011-10-24,PASSENGER
868,Alia Di Biaggi,Female,1999-03-10,PASSENGER
869,Mathilde Scholar,Female,2020-04-30,PASSENGER
870,Harlie Kurdani,Female,1950-04-08,PASSENGER
871,Maia Lashbrook,Female,1982-12-24,PASSENGER
872,Ilse Hansen,Female,1964-06-27,PASSENGER
873,Nikolai Tomich,Male,1982-09-04,PASSENGER
874,Nell Butland,Female,2005-04-13,PASSENGER
875,Chelsey Manshaw,Female,1992-03-27,PASSENGER
876,Robinet Carwithen,Female,1941-10-23,PASSENGER
877,Erek Keys,Male,2018-07-13,PASSENGER
878,Durward Drydale,Male,1957-10-12,PASSENGER
879,Mickie Ceschini,Female,1969-02-02,PASSENGER
880,Lanette Lembrick,Female,1980-10-18,PASSENGER
881,Fancy Rimes,Female,2005-06-12,PASSENGER
882,Melody Kisting,Female,1957-07-09,PASSENGER
883,Allyn Tineman,Female,1981-02-05,PASSENGER
884,Hortense Lippiello,Female,1956-02-22,PASSENGER
885,Parry Micheau,Male,1985-08-31,PASSENGER
886,Nobe Watford,Male,1945-06-20,PASSENGER
887,Shane Chitham,Female,1989-03-04,PASSENGER
888,Lola Kingswoode,Female,2016-01-04,PASSENGER
889,Nerta Penberthy,Female,2015-08-12,PASSENGER
890,Lonnard Breen,Male,1987-03-03,PASSENGER
891,Page Nunn,Male,1951-02-23,PASSENGER
892,Korie Yesichev,Female,1999-05-16,PASSENGER
893,Kelwin Johnke,Male,1979-06-04,PASSENGER
894,Wilhelm Lergan,Male,1945-11-13,PASSENGER
895,Reg McWard,Male,1962-11-23,PASSENGER
896,Jeremiah Cannam,Male,1982-05-06,PASSENGER
897,Bernard Mullinger,Male,1958-08-28,PASSENGER
898,Adolphus Rowledge,Male,1982-01-18,PASSENGER
899,Mal Hawgood,Male,1982-07-20,PASSENGER
900,Harrison Fowls,Male,1945-07-28,PASSENGER
901,Oliy Menauteau,Female,1948-06-11,PASSENGER
902,Blondie Vagges,Female,1993-02-15,PASSENGER
903,Livvie Hillum,Female,1965-10-13,PASSENGER
904,Benita Witz,Female,2008-11-19,PASSENGER
905,Aurore Reisen,Female,1958-06-21,PASSENGER
906,Ava Rodie,Female,2001-09-14,PASSENGER
907,Dolly Madelin,Female,1998-07-23,PASSENGER
908,Barris Buttfield,Male,1958-02-09,PASSENGER
909,Tyne McDermott,Female,2006-07-28,PASSENGER
910,Bobbe Crasswell,Female,2013-08-19,PASSENGER
911,Gregorius Ommundsen,Male,1986-08-19,PASSENGER
912,Jenni Jakolevitch,Female,1982-02-16,PASSENGER
913,Dal Barti,Male,2011-10-18,PASSENGER
915,Car Pattini,Male,1967-11-03,PASSENGER
916,Reilly Irons,Male,2001-06-04,PASSENGER
917,Davina Martynov,Female,1960-03-05,PASSENGER
919,Fan Ducket,Female,1976-01-02,PASSENGER
920,Rita Kindred,Female,1948-01-25,PASSENGER
922,Omero Dawidman,Male,2008-11-19,PASSENGER
924,Jarrett Perrinchief,Male,1986-11-22,PASSENGER
927,Addie Nicholes,Female,1957-06-22,PASSENGER
929,Mignonne Brennand,Female,1941-10-17,PASSENGER
930,Oswell Jotham,Male,2014-03-19,PASSENGER
931,Courtney Fendlen,Male,1978-11-21,PASSENGER
933,Roz Lavarack,Female,1995-01-13,PASSENGER
934,Marlin Fieller,Male,1987-10-09,PASSENGER
935,Arielle Lorentzen,Female,1976-10-14,PASSENGER
936,Inga Quogan,Female,1965-07-22,PASSENGER
937,Eric Quinnet,Male,2004-04-05,PASSENGER
938,Julius Luckham,Male,1955-08-11,PASSENGER
939,Phillie Dounbare,Female,1999-12-10,PASSENGER
940,Jody Jarmain,Male,1995-09-15,PASSENGER
941,Milt Tebbutt,Male,2006-01-28,PASSENGER
942,Ward Clinnick,Male,2008-07-27,PASSENGER
943,Owen Stollsteimer,Male,1975-10-07,PASSENGER
944,Lorrin Heminsley,Female,2003-04-05,PASSENGER
945,Garret Cottem,Male,1987-08-17,PASSENGER
946,Arlyn Beech,Female,2014-06-14,PASSENGER
947,Regan Paylie,Male,1985-06-27,PASSENGER
948,Farlay MacNeilly,Male,1969-01-01,PASSENGER
949,Shantee Haldene,Female,2005-12-13,PASSENGER
950,Annice Fenemore,Female,1972-05-08,PASSENGER
951,Spenser Breagan,Male,2019-09-13,PASSENGER
952,Mattias Rushsorth,Male,2002-01-08,PASSENGER
953,Shane Lembke,Female,1986-12-13,PASSENGER
954,Lucais Fossitt,Male,1968-05-19,PASSENGER
955,Inigo Freke,Male,2011-11-03,PASSENGER
956,Emlyn Emanuele,Female,2003-12-03,PASSENGER
957,Marin Hullbrook,Female,2009-07-25,PASSENGER
958,Audra Gudahy,Female,1985-04-06,PASSENGER
962,Lilias Halliwell,Female,2008-08-25,PASSENGER
963,Lalo Brand,Male,1950-07-31,PASSENGER
964,Elizabet Iacomo,Female,1982-04-16,PASSENGER
965,Andris Oxenford,Male,1941-01-22,PASSENGER
966,Lenora Champley,Female,1981-07-26,PASSENGER
967,Alonso Rubra,Male,1982-05-30,PASSENGER
969,Ofelia Craise,Female,1976-09-13,PASSENGER
970,Sheffield Labdon,Male,2001-04-28,PASSENGER
971,Lavina Middell,Female,1976-06-23,PASSENGER
972,Sheba Stokell,Female,1955-06-16,PASSENGER
973,Carin Proschek,Female,1951-05-19,PASSENGER
974,Ramsey Leguey,Male,1945-02-07,PASSENGER
975,Catrina McMichan,Female,2000-09-30,PASSENGER
976,Phillipe Dyball,Male,1948-05-19,PASSENGER
978,Norbert McLuckie,Male,2011-10-11,PASSENGER
980,Kliment Turpey,Male,1995-10-27,PASSENGER
981,Lura Janssens,Female,1971-07-08,PASSENGER
984,Dulcea Beranek,Female,1987-06-01,PASSENGER
985,Heath Raraty,Male,2015-11-26,PASSENGER
994,Sianna Gooderick,Female,1958-07-16,PASSENGER
998,Lionello Averay,Male,2006-05-26,PASSENGER
1000,Holli McGuiney,Female,1961-01-24,PASSENGER