1053,in felis donec
1435,mauris lacinia
1037,morbi vel lectus
1899,in quam fringilla
1304,suspendisse ornare consequat
1955,sapien sapien non
1207,elementum pellentesque
1848,quis tortor id
1570,rutrum ac lobortis
1615,gravida nisi
1588,cras pellentesque volutpat
1873,penatibus et magnis
1594,morbi non lectus
1831,quis orci
1725,eleifend donec ut
1996,quam suspendisse
1101,ipsum ac tellus
1990,pede posuere nonummy
1027,proin at
1086,nulla neque libero
1832,facilisi cras non
1662,blandit nam
1575,risus praesent
1481,duis consequat dui
1138,ipsum primis in
1520,in hac habitasse
1887,interdum venenatis
1427,nulla elit ac
1945,quisque porta volutpat
1820,ut massa volutpat
1948,magna ac consequat
1345,accumsan odio
1588,in faucibus orci
1397,tellus nulla
1499,odio justo
1690,sed interdum
1771,quam sollicitudin vitae
1388,mattis pulvinar
1099,posuere cubilia curae
1269,luctus et ultrices
1852,mi integer
1197,blandit non interdum
1777,parturient montes nascetur
1044,nisi vulputate
1267,neque sapien placerat
1073,nunc rhoncus
1068,lacus at
1943,in quam fringilla
1115,vestibulum sagittis
1330,nisl duis
1812,quis odio
1250,varius integer
1507,eleifend pede
1226,porttitor id consequat
1412,vitae consectetuer
1646,nulla suspendisse
1034,ac est
1382,amet nulla quisque
1345,justo sit
1145,sapien urna
1833,vulputate vitae
1801,non interdum
1660,velit vivamus
1494,pellentesque viverra
1055,pede justo eu
1333,nibh fusce
1544,platea dictumst
1111,non sodales
1318,ultrices posuere
1887,dolor quis odio
1014,odio odio
1890,elementum in
1072,iaculis justo in
1762,mauris lacinia sapien
1525,mi integer ac
1582,elit proin
1816,amet nunc viverra
1560,luctus et
1991,tristique fusce
1131,in hac
1093,ante ipsum
1872,amet nunc
1760,donec quis orci
1271,turpis integer
1626,gravida sem
1887,tortor eu
1219,imperdiet sapien urna
1362,aliquam quis
1113,suspendisse ornare consequat
1396,tortor eu
1918,quisque id
1483,mi pede
1930,ante ipsum primis
1425,justo sollicitudin ut
1999,ridiculus mus
1593,viverra pede ac
1495,augue vestibulum
1974,vel nisl duis
1039,congue elementum in
1858,eu tincidunt in
1534,eu sapien
1425,sem mauris
1790,rutrum ac lobortis
1991,vestibulum quam
1895,nulla ac enim
1162,felis fusce posuere
1994,primis in
1207,purus eu
1394,vitae quam
1146,consequat morbi a
1696,eget rutrum
1387,id justo
1036,vestibulum ante
1988,lectus suspendisse
1192,ante vivamus tortor
1302,odio in
1858,dapibus augue vel
1935,sapien cum
1150,iaculis justo
1352,lorem id
1763,ipsum primis in
1652,ut erat
1682,in quam fringilla
1344,condimentum neque
1415,et magnis
1151,risus praesent
1406,morbi sem mauris
1560,vitae nisi
1627,morbi ut odio
1643,donec semper
1501,nulla tempus vivamus
1594,quam pharetra
1426,rutrum ac
1598,nulla justo aliquam
1850,mattis nibh ligula
1625,fusce posuere
1148,ipsum primis
1269,ac enim in
1838,semper porta
1010,convallis tortor risus
1421,faucibus orci luctus
1634,cubilia curae
1680,porttitor pede justo
1010,nascetur ridiculus
1714,varius nulla facilisi
1888,vel ipsum praesent
1069,ultrices posuere cubilia
1747,odio porttitor id
1038,urna ut
1073,maecenas ut
1718,tortor duis
1351,morbi vel lectus
1949,ligula in lacus
1772,sem fusce consequat
1171,id nisl
1417,vivamus vel nulla
1753,quis augue luctus
1408,enim lorem
1847,in hac habitasse
1485,odio porttitor
1837,lacinia nisi venenatis
1575,bibendum morbi
1369,morbi quis tortor
1411,leo maecenas pulvinar
1693,nonummy integer
1433,mauris vulputate
1832,diam neque vestibulum
1383,arcu sed augue
1817,tortor duis mattis
1374,risus praesent
1132,morbi porttitor lorem
1178,in quis
1605,justo etiam
1593,eu pede
1776,velit eu
1525,vestibulum proin eu
1646,morbi porttitor lorem
1793,quam sapien varius
1737,fusce posuere
1364,odio odio
1550,suspendisse potenti in
1211,consequat varius
1570,gravida nisi at
1829,condimentum id
1818,vitae nisl aenean
1232,curabitur convallis duis
1328,luctus cum sociis
1173,quam pharetra magna
1402,ac lobortis vel
1274,vestibulum ante
1991,facilisi cras non
1618,nulla nisl
1572,faucibus cursus urna
1560,nec molestie
1527,lacinia nisi venenatis
1042,pulvinar nulla
1042,mauris eget
1865,tortor id
1877,magna bibendum imperdiet
1364,libero quis orci
1227,et magnis
1570,tortor eu pede
1225,nec nisi
1012,rutrum nulla nunc
1724,maecenas tincidunt
1330,amet sapien
1732,morbi vestibulum
1851,sit amet
1467,justo nec
1088,arcu sed
1434,amet erat
1480,feugiat non pretium
1472,ultrices posuere
1873,in faucibus
1378,nisl ut
1712,risus praesent
1091,erat tortor sollicitudin
1930,amet cursus
1339,semper porta
1627,vestibulum ac
1265,praesent id
1157,placerat praesent
1743,nunc proin at
1480,turpis elementum ligula
1129,quam sollicitudin
1346,venenatis tristique fusce
1044,aenean fermentum donec
1004,ipsum primis in
1409,ante vestibulum
1172,quam suspendisse potenti
1379,nisl nunc
1341,mi nulla
1790,erat quisque erat
1033,sapien a
1772,eget semper
1600,vulputate luctus
1593,aliquam augue
1080,consectetuer eget
1061,duis bibendum morbi
1800,eget eros
1939,viverra dapibus nulla
1686,at nunc
1617,consectetuer eget
1801,odio in
1929,dolor sit amet
1649,pede libero
1363,vitae ipsum
1822,quam pharetra
1346,lectus vestibulum
1897,risus dapibus